[{"id":"cetrd$Order-3bdfdf23-1c98-83a4-e698-82f55a9b1b83","netPrice":100.0,"version":1,"taxRate":{"id":"cetrd$TaxRate-4ec2613d-e3ae-f02b-0fbf-39aed1330d50","createdBy":"admin","rate":19,"createTs":"2016-10-20 16:28:01.348","validFrom":"2007-01-01 00:00:00.000","version":1,"updateTs":"2016-10-20 16:28:01.348"},"createdBy":"google","paymentMethod":{"id":"cetrd$PaymentMethod-29dc8a0b-e143-13f0-54af-2a55468cb9ba","createdBy":"admin","name":"Invoice","createTs":"2016-10-20 16:26:01.680","version":1,"updateTs":"2016-10-20 16:26:01.680"},"createTs":"2016-10-20 16:47:34.895","updateTs":"2016-10-20 16:47:34.895","orderDate":"2016-10-01 00:00:00.000","tenant":1,"customer":{"id":"cetrd$Customer-2bc6d9df-5af9-efe1-baa8-01b378183eb5","createdBy":"google","name":"Justin Price","createTs":"2016-10-20 16:47:18.295","version":1,"updateTs":"2016-10-20 16:47:18.295"}},{"id":"cetrd$Order-7aa2776f-4489-aed8-073e-97f18bcc1242","netPrice":200.0,"version":1,"taxRate":{"id":"cetrd$TaxRate-4ec2613d-e3ae-f02b-0fbf-39aed1330d50"},"createdBy":"google","paymentMethod":{"id":"cetrd$PaymentMethod-2cce8a28-40f5-e50b-7f44-3dbc853a630a","updatedBy":"admin","createdBy":"admin","name":"Credit Card","createTs":"2016-10-20 16:25:46.226","version":2,"updateTs":"2016-10-20 16:25:55.668"},"createTs":"2016-10-20 16:47:52.002","updateTs":"2016-10-20 16:47:52.002","orderDate":"2016-10-12 00:00:00.000","tenant":1,"customer":{"id":"cetrd$Customer-9026ea38-a734-9f80-d025-0b8f77ae7822","createdBy":"google","name":"Clifton Barnes","createTs":"2016-10-20 16:47:09.119","version":1,"updateTs":"2016-10-20 16:47:09.119"}},{"id":"cetrd$Order-8ce20a1e-648e-518b-6d0a-f0e6e6195184","netPrice":49.0,"version":1,"taxRate":{"id":"cetrd$TaxRate-683a596b-7d90-8902-3d2d-2cd9c643f125","createdBy":"admin","rate":16,"validUntil":"2006-12-31 00:00:00.000","createTs":"2016-10-20 16:27:50.024","validFrom":"1950-01-01 00:00:00.000","version":1,"updateTs":"2016-10-20 16:27:50.024"},"createdBy":"fiber","paymentMethod":{"id":"cetrd$PaymentMethod-2cce8a28-40f5-e50b-7f44-3dbc853a630a"},"createTs":"2016-10-20 16:53:39.345","updateTs":"2016-10-20 16:53:39.345","orderDate":"2005-10-05 00:00:00.000","tenant":2,"customer":{"id":"cetrd$Customer-86822afe-5d30-06c6-7724-115a33fc034e","createdBy":"fiber","name":"Cooper Holder","createTs":"2016-10-20 16:52:59.719","version":1,"updateTs":"2016-10-20 16:52:59.719"}},{"id":"cetrd$Order-96a29b57-2e1d-3619-7d61-efd3212f2e8e","netPrice":459.0,"version":1,"taxRate":{"id":"cetrd$TaxRate-4ec2613d-e3ae-f02b-0fbf-39aed1330d50"},"createdBy":"fiber","paymentMethod":{"id":"cetrd$PaymentMethod-2cce8a28-40f5-e50b-7f44-3dbc853a630a"},"createTs":"2016-10-20 16:53:19.145","updateTs":"2016-10-20 16:53:19.145","orderDate":"2015-10-08 00:00:00.000","tenant":2,"customer":{"id":"cetrd$Customer-e205f0a3-75c2-6e07-c081-82b7aedc1760","createdBy":"fiber","name":"Hector Holden","createTs":"2016-10-20 16:53:04.496","version":1,"updateTs":"2016-10-20 16:53:04.496"}}]