[{"id":"cetrd$TenantCustomerType-00222993-c2e8-98bb-a241-8b6b6d90edce","customerType":{"id":"cetrd$CustomerType-8f2d9d8e-d122-6d95-3393-32aec5b76bfd","code":"PC","name":"Potential customer","version":2},"createdBy":"admin","createTs":"2016-10-21 10:45:03.905","version":1,"updateTs":"2016-10-21 10:45:03.905","tenant":{"id":"cetrd$Tenant-4c0eef73-15a2-d2bf-ea96-140514dd81ed","name":"Fiber","version":2}},{"id":"cetrd$TenantCustomerType-0d509cbf-ded6-a12a-6705-0b0a029d6ea5","customerType":{"id":"cetrd$CustomerType-3c2d6abc-2b34-927e-c5b6-bbe4f25767d6","code":"LC","name":"Loyal customer","version":2},"updatedBy":"admin","createdBy":"admin","createTs":"2016-10-21 10:29:28.890","version":2,"updateTs":"2016-10-21 10:54:36.085","tenant":{"id":"cetrd$Tenant-2c8c21ac-d5aa-e573-fea3-f9ecbd787b9d","name":"Google","version":2}},{"id":"cetrd$TenantCustomerType-35af60d9-c5f0-5ee3-127d-c34aecd00b36","customerType":{"id":"cetrd$CustomerType-e50b962c-90ff-e7b7-f876-3d45d0dfe9fb","code":"DC","name":"Discount customer","version":2},"updatedBy":"admin","createdBy":"admin","createTs":"2016-10-21 10:45:10.609","version":2,"updateTs":"2016-10-21 10:45:18.785","tenant":{"id":"cetrd$Tenant-2c8c21ac-d5aa-e573-fea3-f9ecbd787b9d"}},{"id":"cetrd$TenantCustomerType-56567176-38a5-58e3-b32f-14aa8007ea73","customerType":{"id":"cetrd$CustomerType-8ce8c1ba-67e9-70ab-0e8d-e05a86b45a65","code":"NC","name":"New customer","version":2},"createdBy":"admin","createTs":"2016-10-21 10:44:54.880","version":1,"updateTs":"2016-10-21 10:44:54.880","tenant":{"id":"cetrd$Tenant-4c0eef73-15a2-d2bf-ea96-140514dd81ed"}},{"id":"cetrd$TenantCustomerType-865130b1-a1b6-6c13-c601-ed0c3f8573a9","customerType":{"id":"cetrd$CustomerType-8f2d9d8e-d122-6d95-3393-32aec5b76bfd"},"createdBy":"admin","createTs":"2016-10-21 10:45:33.088","version":1,"updateTs":"2016-10-21 10:45:33.088","tenant":{"id":"cetrd$Tenant-2c8c21ac-d5aa-e573-fea3-f9ecbd787b9d"}}]