[{"id":"cetrd$PaymentMethod-29dc8a0b-e143-13f0-54af-2a55468cb9ba","createdBy":"admin","name":"Invoice","code":"IV","validFrom":"1980-01-01 00:00:00.000","validUntil":"2010-12-31 00:00:00.000","createTs":"2016-10-20 16:26:01.680","version":1,"updateTs":"2016-10-20 16:26:01.680"},{"id":"cetrd$PaymentMethod-2cce8a28-40f5-e50b-7f44-3dbc853a630a","updatedBy":"admin","createdBy":"admin","name":"Credit Card","code":"CC","validFrom":"1995-01-01 00:00:00.000","createTs":"2016-10-20 16:25:46.226","version":2,"updateTs":"2016-10-20 16:25:55.668"},{"id":"cetrd$PaymentMethod-30b79d57-9e50-b332-d377-c2cf55e44746","createdBy":"admin","name":"Paypal","code":"PP","validFrom":"2008-01-01 00:00:00.000","createTs":"2016-10-20 16:26:04.542","version":1,"updateTs":"2016-10-20 16:26:04.542"}]
