[{"id":"sec$Group-024d5ac5-e1d2-76a0-fa00-6672cacb4ad7","parent":{"id":"sec$Group-cb2106af-b68a-6cd9-c746-40ece54db040","parent":{"id":"sec$Group-0fa2b1a5-1d68-4d69-9fbd-dff348347f93","updatedBy":"admin","version":1,"constraints":[],"name":"Alphabet Inc.","createTs":"2016-10-20 16:14:11.855","hierarchyList":[],"sessionAttributes":[],"updateTs":"2016-10-20 16:36:51.645"},"version":1,"constraints":[{"id":"sec$Constraint-f17a9905-6a28-38b4-f38c-c354d2f1e380","checkType":"DATABASE","whereClause":"{E}.tenant \u003d :session$tenant","isActive":true,"version":1,"createdBy":"admin","entityName":"cetrd$Order","createTs":"2016-10-20 16:41:15.379","operationType":"READ","updateTs":"2016-10-20 16:41:15.379","group":{"id":"sec$Group-cb2106af-b68a-6cd9-c746-40ece54db040"}},{"id":"sec$Constraint-dceb2bc8-ba5a-8c1d-8721-77a8bec51327","checkType":"DATABASE","whereClause":"{E}.tenant \u003d :session$tenant","isActive":true,"version":1,"createdBy":"admin","entityName":"cetrd$Customer","createTs":"2016-10-20 16:41:07.181","operationType":"READ","updateTs":"2016-10-20 16:41:07.181","group":{"id":"sec$Group-cb2106af-b68a-6cd9-c746-40ece54db040"}}],"createdBy":"admin","name":"Tenants","createTs":"2016-10-20 16:36:56.627","hierarchyList":[{"id":"sec$GroupHierarchy-287782f8-3dd5-e7bb-d926-1d7f3bc1b45f","parent":{"id":"sec$Group-0fa2b1a5-1d68-4d69-9fbd-dff348347f93"},"level":0,"group":{"id":"sec$Group-cb2106af-b68a-6cd9-c746-40ece54db040"}}],"sessionAttributes":[],"updateTs":"2016-10-20 16:36:56.627"},"updatedBy":"admin","version":2,"constraints":[],"createdBy":"admin","name":"Verily Life Science","createTs":"2016-10-20 16:37:48.446","hierarchyList":[{"id":"sec$GroupHierarchy-a50628ce-8d2f-c7a4-cd0a-31447fd77b87","parent":{"id":"sec$Group-0fa2b1a5-1d68-4d69-9fbd-dff348347f93"},"level":0,"group":{"id":"sec$Group-024d5ac5-e1d2-76a0-fa00-6672cacb4ad7"}},{"id":"sec$GroupHierarchy-d8762023-427a-5a83-f98d-d7d392710d70","parent":{"id":"sec$Group-cb2106af-b68a-6cd9-c746-40ece54db040"},"level":1,"group":{"id":"sec$Group-024d5ac5-e1d2-76a0-fa00-6672cacb4ad7"}}],"sessionAttributes":[],"updateTs":"2016-10-20 16:38:35.321"},{"id":"sec$Group-0fa2b1a5-1d68-4d69-9fbd-dff348347f93"},{"id":"sec$Group-2b173d3c-e928-d874-7ed3-2ccb43d7b978","parent":{"id":"sec$Group-cb2106af-b68a-6cd9-c746-40ece54db040"},"version":1,"constraints":[],"createdBy":"admin","name":"Sidewalk","createTs":"2016-10-20 16:38:46.236","hierarchyList":[{"id":"sec$GroupHierarchy-aec471c7-ec1d-d142-8374-facdc16bf341","parent":{"id":"sec$Group-0fa2b1a5-1d68-4d69-9fbd-dff348347f93"},"level":0,"group":{"id":"sec$Group-2b173d3c-e928-d874-7ed3-2ccb43d7b978"}},{"id":"sec$GroupHierarchy-3cc1f9e4-606a-42b0-67d5-c8e2f3cdd2d6","parent":{"id":"sec$Group-cb2106af-b68a-6cd9-c746-40ece54db040"},"level":1,"group":{"id":"sec$Group-2b173d3c-e928-d874-7ed3-2ccb43d7b978"}}],"sessionAttributes":[],"updateTs":"2016-10-20 16:38:46.236"},{"id":"sec$Group-37a73bd4-64f7-97ff-e523-09d447168ae6","parent":{"id":"sec$Group-cb2106af-b68a-6cd9-c746-40ece54db040"},"version":1,"constraints":[],"createdBy":"admin","name":"Google Capital","createTs":"2016-10-20 16:37:56.209","hierarchyList":[{"id":"sec$GroupHierarchy-a79b8d79-8207-deb3-100b-e8ccc4289e6d","parent":{"id":"sec$Group-0fa2b1a5-1d68-4d69-9fbd-dff348347f93"},"level":0,"group":{"id":"sec$Group-37a73bd4-64f7-97ff-e523-09d447168ae6"}},{"id":"sec$GroupHierarchy-fd42a269-912f-f840-13ed-6d2841d22c50","parent":{"id":"sec$Group-cb2106af-b68a-6cd9-c746-40ece54db040"},"level":1,"group":{"id":"sec$Group-37a73bd4-64f7-97ff-e523-09d447168ae6"}}],"sessionAttributes":[],"updateTs":"2016-10-20 16:37:56.209"},{"id":"sec$Group-7dd6e4f4-3d3c-2128-c6cd-f487785e7127","parent":{"id":"sec$Group-cb2106af-b68a-6cd9-c746-40ece54db040"},"version":1,"constraints":[],"createdBy":"admin","name":"Calico","createTs":"2016-10-20 16:37:37.727","hierarchyList":[{"id":"sec$GroupHierarchy-e67c6692-23e4-f2dd-74c9-6814dc0bc841","parent":{"id":"sec$Group-0fa2b1a5-1d68-4d69-9fbd-dff348347f93"},"level":0,"group":{"id":"sec$Group-7dd6e4f4-3d3c-2128-c6cd-f487785e7127"}},{"id":"sec$GroupHierarchy-34a3c81d-c3ff-f223-27e1-807544b4b9ef","parent":{"id":"sec$Group-cb2106af-b68a-6cd9-c746-40ece54db040"},"level":1,"group":{"id":"sec$Group-7dd6e4f4-3d3c-2128-c6cd-f487785e7127"}}],"sessionAttributes":[],"updateTs":"2016-10-20 16:37:37.727"},{"id":"sec$Group-7f0c9fbb-fc30-c6f5-baed-55e61d6bb6e3","parent":{"id":"sec$Group-cb2106af-b68a-6cd9-c746-40ece54db040"},"version":1,"constraints":[],"createdBy":"admin","name":"Nest","createTs":"2016-10-20 16:37:42.553","hierarchyList":[{"id":"sec$GroupHierarchy-fdc16da5-0b85-3d94-72c2-658689da77fd","parent":{"id":"sec$Group-0fa2b1a5-1d68-4d69-9fbd-dff348347f93"},"level":0,"group":{"id":"sec$Group-7f0c9fbb-fc30-c6f5-baed-55e61d6bb6e3"}},{"id":"sec$GroupHierarchy-dde4869f-cd5e-e3b4-ce5f-9f979823f65e","parent":{"id":"sec$Group-cb2106af-b68a-6cd9-c746-40ece54db040"},"level":1,"group":{"id":"sec$Group-7f0c9fbb-fc30-c6f5-baed-55e61d6bb6e3"}}],"sessionAttributes":[],"updateTs":"2016-10-20 16:37:42.553"},{"id":"sec$Group-86f1ba4e-cc3d-3299-1153-be59e43800fa","parent":{"id":"sec$Group-cb2106af-b68a-6cd9-c746-40ece54db040"},"version":1,"constraints":[],"createdBy":"admin","name":"Google","createTs":"2016-10-20 16:37:02.631","hierarchyList":[{"id":"sec$GroupHierarchy-32515cbf-d74a-8ecd-9a9d-693bbd3c781f","parent":{"id":"sec$Group-0fa2b1a5-1d68-4d69-9fbd-dff348347f93"},"level":0,"group":{"id":"sec$Group-86f1ba4e-cc3d-3299-1153-be59e43800fa"}},{"id":"sec$GroupHierarchy-8dd8d633-0b03-1047-c131-4a7636a24afd","parent":{"id":"sec$Group-cb2106af-b68a-6cd9-c746-40ece54db040"},"level":1,"group":{"id":"sec$Group-86f1ba4e-cc3d-3299-1153-be59e43800fa"}}],"sessionAttributes":[{"id":"sec$SessionAttribute-49497571-5b85-e6e5-72b1-12adc3c89020","version":1,"stringValue":"1","createdBy":"fiber","datatype":"int","datatypeCaption":"Datatype.int","name":"tenant","createTs":"2016-10-20 16:48:46.284","updateTs":"2016-10-20 16:48:46.284","group":{"id":"sec$Group-86f1ba4e-cc3d-3299-1153-be59e43800fa"}}],"updateTs":"2016-10-20 16:37:02.631"},{"id":"sec$Group-a717d619-68b7-3fc2-49c2-3aa9f97eee3a","parent":{"id":"sec$Group-cb2106af-b68a-6cd9-c746-40ece54db040"},"version":1,"constraints":[],"createdBy":"admin","name":"Fiber","createTs":"2016-10-20 16:37:11.418","hierarchyList":[{"id":"sec$GroupHierarchy-042e66f0-5d17-ae0a-fd62-0ff2bb2091cb","parent":{"id":"sec$Group-0fa2b1a5-1d68-4d69-9fbd-dff348347f93"},"level":0,"group":{"id":"sec$Group-a717d619-68b7-3fc2-49c2-3aa9f97eee3a"}},{"id":"sec$GroupHierarchy-a6eea2e0-8a5e-2bef-2b64-986ec500ced3","parent":{"id":"sec$Group-cb2106af-b68a-6cd9-c746-40ece54db040"},"level":1,"group":{"id":"sec$Group-a717d619-68b7-3fc2-49c2-3aa9f97eee3a"}}],"sessionAttributes":[{"id":"sec$SessionAttribute-16de3284-7486-5169-8c9d-96beee0757f2","version":1,"stringValue":"2","createdBy":"admin","datatype":"int","datatypeCaption":"Datatype.int","name":"tenant","createTs":"2016-10-20 16:40:31.631","updateTs":"2016-10-20 16:40:31.631","group":{"id":"sec$Group-a717d619-68b7-3fc2-49c2-3aa9f97eee3a"}}],"updateTs":"2016-10-20 16:37:11.418"},{"id":"sec$Group-cb2106af-b68a-6cd9-c746-40ece54db040"},{"id":"sec$Group-f1f5244b-b71b-c901-944f-7a06fc868836","parent":{"id":"sec$Group-cb2106af-b68a-6cd9-c746-40ece54db040"},"version":1,"constraints":[],"createdBy":"admin","name":"Google X","createTs":"2016-10-20 16:38:21.995","hierarchyList":[{"id":"sec$GroupHierarchy-e820aa14-fde0-0db2-9094-dfe235b5c4b5","parent":{"id":"sec$Group-0fa2b1a5-1d68-4d69-9fbd-dff348347f93"},"level":0,"group":{"id":"sec$Group-f1f5244b-b71b-c901-944f-7a06fc868836"}},{"id":"sec$GroupHierarchy-602865d8-5893-d4fe-f8bb-51873cfd2468","parent":{"id":"sec$Group-cb2106af-b68a-6cd9-c746-40ece54db040"},"level":1,"group":{"id":"sec$Group-f1f5244b-b71b-c901-944f-7a06fc868836"}}],"sessionAttributes":[],"updateTs":"2016-10-20 16:38:21.995"},{"id":"sec$Group-ffec297a-1623-f68b-cd26-a7ae539d318d","parent":{"id":"sec$Group-cb2106af-b68a-6cd9-c746-40ece54db040"},"updatedBy":"admin","version":2,"constraints":[],"createdBy":"admin","name":"Google Ventures","createTs":"2016-10-20 16:37:17.669","hierarchyList":[{"id":"sec$GroupHierarchy-40eb2658-9cc8-80c7-aa3d-71cfe4f52739","parent":{"id":"sec$Group-0fa2b1a5-1d68-4d69-9fbd-dff348347f93"},"level":0,"group":{"id":"sec$Group-ffec297a-1623-f68b-cd26-a7ae539d318d"}},{"id":"sec$GroupHierarchy-362040b5-001e-43ef-886d-b6133d4d7377","parent":{"id":"sec$Group-cb2106af-b68a-6cd9-c746-40ece54db040"},"level":1,"group":{"id":"sec$Group-ffec297a-1623-f68b-cd26-a7ae539d318d"}}],"sessionAttributes":[{"id":"sec$SessionAttribute-a8788a2a-a761-ca30-015c-8131e56e58e4","version":1,"stringValue":"3","createdBy":"admin","datatype":"int","datatypeCaption":"Datatype.int","name":"tenant","createTs":"2016-10-20 16:40:38.685","updateTs":"2016-10-20 16:40:38.685","group":{"id":"sec$Group-ffec297a-1623-f68b-cd26-a7ae539d318d"}}],"updateTs":"2016-10-20 16:37:29.360"}]