[{"id":"sec$Group-024d5ac5-e1d2-76a0-fa00-6672cacb4ad7","parent":{"id":"sec$Group-cb2106af-b68a-6cd9-c746-40ece54db040","parent":{"id":"sec$Group-0fa2b1a5-1d68-4d69-9fbd-dff348347f93","updatedBy":"admin","version":1,"constraints":[],"name":"Alphabet Inc.","createTs":"2016-10-21 11:00:25.356","hierarchyList":[],"sessionAttributes":[],"updateTs":"2016-10-21 11:00:40.051"},"version":1,"constraints":[{"id":"sec$Constraint-8f40b7ac-62af-97d6-d1a6-12627475d49d","checkType":"DATABASE","whereClause":"{E}.id not in (\n  select tct.customerType.id from cetrd$TenantCustomerType tct\n  where tct.tenant.tenantid \u003d :session$tenant\n)","updatedBy":"google","isActive":true,"version":2,"createdBy":"admin","entityName":"cetrd$CustomerType","createTs":"2016-10-21 11:00:40.030","operationType":"READ","updateTs":"2016-10-21 13:46:07.992","group":{"id":"sec$Group-cb2106af-b68a-6cd9-c746-40ece54db040"}},{"id":"sec$Constraint-f17a9905-6a28-38b4-f38c-c354d2f1e380","checkType":"DATABASE","whereClause":"{E}.tenant \u003d :session$tenant","isActive":true,"version":1,"createdBy":"admin","entityName":"cetrd$Order","createTs":"2016-10-21 11:00:40.030","operationType":"READ","updateTs":"2016-10-21 11:00:40.030","group":{"id":"sec$Group-cb2106af-b68a-6cd9-c746-40ece54db040"}},{"id":"sec$Constraint-70f13c8b-cec8-1596-6fe5-657554667016","checkType":"DATABASE","whereClause":"{E}.tenant.tenantid \u003d :session$tenant","isActive":true,"version":1,"createdBy":"admin","entityName":"cetrd$TenantCustomerType","createTs":"2016-10-21 11:00:40.030","operationType":"READ","updateTs":"2016-10-21 11:00:40.030","group":{"id":"sec$Group-cb2106af-b68a-6cd9-c746-40ece54db040"}},{"id":"sec$Constraint-dceb2bc8-ba5a-8c1d-8721-77a8bec51327","checkType":"DATABASE","whereClause":"{E}.tenant \u003d :session$tenant","isActive":true,"version":1,"createdBy":"admin","entityName":"cetrd$Customer","createTs":"2016-10-21 11:00:40.028","operationType":"READ","updateTs":"2016-10-21 11:00:40.028","group":{"id":"sec$Group-cb2106af-b68a-6cd9-c746-40ece54db040"}}],"createdBy":"admin","name":"Tenants","createTs":"2016-10-21 11:00:40.031","hierarchyList":[{"id":"sec$GroupHierarchy-649e62b3-7f83-6055-65e9-f57222cb7a57","parent":{"id":"sec$Group-0fa2b1a5-1d68-4d69-9fbd-dff348347f93"},"level":0,"group":{"id":"sec$Group-cb2106af-b68a-6cd9-c746-40ece54db040"}},{"id":"sec$GroupHierarchy-287782f8-3dd5-e7bb-d926-1d7f3bc1b45f","parent":{"id":"sec$Group-0fa2b1a5-1d68-4d69-9fbd-dff348347f93"},"level":0,"group":{"id":"sec$Group-cb2106af-b68a-6cd9-c746-40ece54db040"}},{"id":"sec$GroupHierarchy-ff9440ad-561c-ff09-3122-2d834c20a662","parent":{"id":"sec$Group-0fa2b1a5-1d68-4d69-9fbd-dff348347f93"},"level":0,"group":{"id":"sec$Group-cb2106af-b68a-6cd9-c746-40ece54db040"}}],"sessionAttributes":[],"updateTs":"2016-10-21 11:00:40.031"},"version":1,"constraints":[],"createdBy":"admin","name":"Verily Life Science","createTs":"2016-10-21 11:00:40.028","hierarchyList":[{"id":"sec$GroupHierarchy-871721e7-c4c4-b530-47ba-b1b598521c84","parent":{"id":"sec$Group-0fa2b1a5-1d68-4d69-9fbd-dff348347f93"},"level":0,"group":{"id":"sec$Group-024d5ac5-e1d2-76a0-fa00-6672cacb4ad7"}},{"id":"sec$GroupHierarchy-3016a4de-29c4-149b-f87b-b26475436118","parent":{"id":"sec$Group-0fa2b1a5-1d68-4d69-9fbd-dff348347f93"},"level":0,"group":{"id":"sec$Group-024d5ac5-e1d2-76a0-fa00-6672cacb4ad7"}},{"id":"sec$GroupHierarchy-a50628ce-8d2f-c7a4-cd0a-31447fd77b87","parent":{"id":"sec$Group-0fa2b1a5-1d68-4d69-9fbd-dff348347f93"},"level":0,"group":{"id":"sec$Group-024d5ac5-e1d2-76a0-fa00-6672cacb4ad7"}},{"id":"sec$GroupHierarchy-9739c204-a2eb-b0de-b019-4f53ea766153","parent":{"id":"sec$Group-cb2106af-b68a-6cd9-c746-40ece54db040"},"level":1,"group":{"id":"sec$Group-024d5ac5-e1d2-76a0-fa00-6672cacb4ad7"}},{"id":"sec$GroupHierarchy-7d2530e7-15c9-83ad-cbeb-13326756dd05","parent":{"id":"sec$Group-0fa2b1a5-1d68-4d69-9fbd-dff348347f93"},"level":1,"group":{"id":"sec$Group-024d5ac5-e1d2-76a0-fa00-6672cacb4ad7"}},{"id":"sec$GroupHierarchy-d8762023-427a-5a83-f98d-d7d392710d70","parent":{"id":"sec$Group-cb2106af-b68a-6cd9-c746-40ece54db040"},"level":1,"group":{"id":"sec$Group-024d5ac5-e1d2-76a0-fa00-6672cacb4ad7"}},{"id":"sec$GroupHierarchy-0ec957a4-8ccf-26d1-3713-5fc6f9f30b79","parent":{"id":"sec$Group-cb2106af-b68a-6cd9-c746-40ece54db040"},"level":2,"group":{"id":"sec$Group-024d5ac5-e1d2-76a0-fa00-6672cacb4ad7"}}],"sessionAttributes":[],"updateTs":"2016-10-21 11:00:40.028"},{"id":"sec$Group-0fa2b1a5-1d68-4d69-9fbd-dff348347f93"},{"id":"sec$Group-2b173d3c-e928-d874-7ed3-2ccb43d7b978","parent":{"id":"sec$Group-cb2106af-b68a-6cd9-c746-40ece54db040"},"version":1,"constraints":[],"createdBy":"admin","name":"Sidewalk","createTs":"2016-10-21 11:00:40.030","hierarchyList":[{"id":"sec$GroupHierarchy-a331ad91-6563-ba3e-69e9-6b7f0f4269a4","parent":{"id":"sec$Group-0fa2b1a5-1d68-4d69-9fbd-dff348347f93"},"level":0,"group":{"id":"sec$Group-2b173d3c-e928-d874-7ed3-2ccb43d7b978"}},{"id":"sec$GroupHierarchy-c9a892fe-3b74-f545-a80c-f3c6fd8d6b6e","parent":{"id":"sec$Group-0fa2b1a5-1d68-4d69-9fbd-dff348347f93"},"level":0,"group":{"id":"sec$Group-2b173d3c-e928-d874-7ed3-2ccb43d7b978"}},{"id":"sec$GroupHierarchy-aec471c7-ec1d-d142-8374-facdc16bf341","parent":{"id":"sec$Group-0fa2b1a5-1d68-4d69-9fbd-dff348347f93"},"level":0,"group":{"id":"sec$Group-2b173d3c-e928-d874-7ed3-2ccb43d7b978"}},{"id":"sec$GroupHierarchy-3cc1f9e4-606a-42b0-67d5-c8e2f3cdd2d6","parent":{"id":"sec$Group-cb2106af-b68a-6cd9-c746-40ece54db040"},"level":1,"group":{"id":"sec$Group-2b173d3c-e928-d874-7ed3-2ccb43d7b978"}},{"id":"sec$GroupHierarchy-3d4741d0-a188-e846-83c5-bf2e138fb56b","parent":{"id":"sec$Group-0fa2b1a5-1d68-4d69-9fbd-dff348347f93"},"level":1,"group":{"id":"sec$Group-2b173d3c-e928-d874-7ed3-2ccb43d7b978"}},{"id":"sec$GroupHierarchy-16b1ffd4-88b6-553e-616f-0ced4b62d704","parent":{"id":"sec$Group-cb2106af-b68a-6cd9-c746-40ece54db040"},"level":1,"group":{"id":"sec$Group-2b173d3c-e928-d874-7ed3-2ccb43d7b978"}},{"id":"sec$GroupHierarchy-4fb25553-2088-d443-db09-a7179d137427","parent":{"id":"sec$Group-cb2106af-b68a-6cd9-c746-40ece54db040"},"level":2,"group":{"id":"sec$Group-2b173d3c-e928-d874-7ed3-2ccb43d7b978"}}],"sessionAttributes":[],"updateTs":"2016-10-21 11:00:40.030"},{"id":"sec$Group-37a73bd4-64f7-97ff-e523-09d447168ae6","parent":{"id":"sec$Group-cb2106af-b68a-6cd9-c746-40ece54db040"},"version":1,"constraints":[],"createdBy":"admin","name":"Google Capital","createTs":"2016-10-21 11:00:40.032","hierarchyList":[{"id":"sec$GroupHierarchy-079d5f42-9246-1341-d812-f6ebbb9b1822","parent":{"id":"sec$Group-0fa2b1a5-1d68-4d69-9fbd-dff348347f93"},"level":0,"group":{"id":"sec$Group-37a73bd4-64f7-97ff-e523-09d447168ae6"}},{"id":"sec$GroupHierarchy-a79b8d79-8207-deb3-100b-e8ccc4289e6d","parent":{"id":"sec$Group-0fa2b1a5-1d68-4d69-9fbd-dff348347f93"},"level":0,"group":{"id":"sec$Group-37a73bd4-64f7-97ff-e523-09d447168ae6"}},{"id":"sec$GroupHierarchy-6ae3efcb-325d-b36e-7d61-ed601c1db78e","parent":{"id":"sec$Group-0fa2b1a5-1d68-4d69-9fbd-dff348347f93"},"level":0,"group":{"id":"sec$Group-37a73bd4-64f7-97ff-e523-09d447168ae6"}},{"id":"sec$GroupHierarchy-a25c1d42-20d5-42f4-ae79-db02f9d36c23","parent":{"id":"sec$Group-cb2106af-b68a-6cd9-c746-40ece54db040"},"level":1,"group":{"id":"sec$Group-37a73bd4-64f7-97ff-e523-09d447168ae6"}},{"id":"sec$GroupHierarchy-d1dd5e54-979c-cd0f-6d98-c24207eab170","parent":{"id":"sec$Group-cb2106af-b68a-6cd9-c746-40ece54db040"},"level":1,"group":{"id":"sec$Group-37a73bd4-64f7-97ff-e523-09d447168ae6"}},{"id":"sec$GroupHierarchy-fd42a269-912f-f840-13ed-6d2841d22c50","parent":{"id":"sec$Group-cb2106af-b68a-6cd9-c746-40ece54db040"},"level":1,"group":{"id":"sec$Group-37a73bd4-64f7-97ff-e523-09d447168ae6"}}],"sessionAttributes":[],"updateTs":"2016-10-21 11:00:40.032"},{"id":"sec$Group-7dd6e4f4-3d3c-2128-c6cd-f487785e7127","parent":{"id":"sec$Group-cb2106af-b68a-6cd9-c746-40ece54db040"},"version":1,"constraints":[],"createdBy":"admin","name":"Calico","createTs":"2016-10-21 11:00:40.028","hierarchyList":[{"id":"sec$GroupHierarchy-16d00df6-51cf-b0ff-ec02-206bf02e8f76","parent":{"id":"sec$Group-0fa2b1a5-1d68-4d69-9fbd-dff348347f93"},"level":0,"group":{"id":"sec$Group-7dd6e4f4-3d3c-2128-c6cd-f487785e7127"}},{"id":"sec$GroupHierarchy-e67c6692-23e4-f2dd-74c9-6814dc0bc841","parent":{"id":"sec$Group-0fa2b1a5-1d68-4d69-9fbd-dff348347f93"},"level":0,"group":{"id":"sec$Group-7dd6e4f4-3d3c-2128-c6cd-f487785e7127"}},{"id":"sec$GroupHierarchy-7bc4359f-0573-1383-22ab-6507371010e8","parent":{"id":"sec$Group-0fa2b1a5-1d68-4d69-9fbd-dff348347f93"},"level":0,"group":{"id":"sec$Group-7dd6e4f4-3d3c-2128-c6cd-f487785e7127"}},{"id":"sec$GroupHierarchy-4aa7b441-1241-79db-c074-318ffaf15b7d","parent":{"id":"sec$Group-cb2106af-b68a-6cd9-c746-40ece54db040"},"level":1,"group":{"id":"sec$Group-7dd6e4f4-3d3c-2128-c6cd-f487785e7127"}},{"id":"sec$GroupHierarchy-87618170-4188-f3e9-16b1-25a761f74785","parent":{"id":"sec$Group-0fa2b1a5-1d68-4d69-9fbd-dff348347f93"},"level":1,"group":{"id":"sec$Group-7dd6e4f4-3d3c-2128-c6cd-f487785e7127"}},{"id":"sec$GroupHierarchy-34a3c81d-c3ff-f223-27e1-807544b4b9ef","parent":{"id":"sec$Group-cb2106af-b68a-6cd9-c746-40ece54db040"},"level":1,"group":{"id":"sec$Group-7dd6e4f4-3d3c-2128-c6cd-f487785e7127"}},{"id":"sec$GroupHierarchy-6b417ad6-ad8f-262a-d12a-575027481381","parent":{"id":"sec$Group-cb2106af-b68a-6cd9-c746-40ece54db040"},"level":2,"group":{"id":"sec$Group-7dd6e4f4-3d3c-2128-c6cd-f487785e7127"}}],"sessionAttributes":[],"updateTs":"2016-10-21 11:00:40.028"},{"id":"sec$Group-7f0c9fbb-fc30-c6f5-baed-55e61d6bb6e3","parent":{"id":"sec$Group-cb2106af-b68a-6cd9-c746-40ece54db040"},"version":1,"constraints":[],"createdBy":"admin","name":"Nest","createTs":"2016-10-21 11:00:40.031","hierarchyList":[{"id":"sec$GroupHierarchy-96c941e7-4350-23ed-40a1-e92d23b0bc8d","parent":{"id":"sec$Group-0fa2b1a5-1d68-4d69-9fbd-dff348347f93"},"level":0,"group":{"id":"sec$Group-7f0c9fbb-fc30-c6f5-baed-55e61d6bb6e3"}},{"id":"sec$GroupHierarchy-fdc16da5-0b85-3d94-72c2-658689da77fd","parent":{"id":"sec$Group-0fa2b1a5-1d68-4d69-9fbd-dff348347f93"},"level":0,"group":{"id":"sec$Group-7f0c9fbb-fc30-c6f5-baed-55e61d6bb6e3"}},{"id":"sec$GroupHierarchy-b0fe60e7-5468-d00d-3132-792fdc6e66bb","parent":{"id":"sec$Group-0fa2b1a5-1d68-4d69-9fbd-dff348347f93"},"level":0,"group":{"id":"sec$Group-7f0c9fbb-fc30-c6f5-baed-55e61d6bb6e3"}},{"id":"sec$GroupHierarchy-85d36765-6498-62e0-7ab0-33ed98f18671","parent":{"id":"sec$Group-0fa2b1a5-1d68-4d69-9fbd-dff348347f93"},"level":1,"group":{"id":"sec$Group-7f0c9fbb-fc30-c6f5-baed-55e61d6bb6e3"}},{"id":"sec$GroupHierarchy-f35d9459-4b9e-239b-3859-fca2c955b146","parent":{"id":"sec$Group-cb2106af-b68a-6cd9-c746-40ece54db040"},"level":1,"group":{"id":"sec$Group-7f0c9fbb-fc30-c6f5-baed-55e61d6bb6e3"}},{"id":"sec$GroupHierarchy-dde4869f-cd5e-e3b4-ce5f-9f979823f65e","parent":{"id":"sec$Group-cb2106af-b68a-6cd9-c746-40ece54db040"},"level":1,"group":{"id":"sec$Group-7f0c9fbb-fc30-c6f5-baed-55e61d6bb6e3"}},{"id":"sec$GroupHierarchy-5b2955d2-6f6c-63aa-f1f8-fa81ac0797cf","parent":{"id":"sec$Group-cb2106af-b68a-6cd9-c746-40ece54db040"},"level":2,"group":{"id":"sec$Group-7f0c9fbb-fc30-c6f5-baed-55e61d6bb6e3"}}],"sessionAttributes":[],"updateTs":"2016-10-21 11:00:40.031"},{"id":"sec$Group-86f1ba4e-cc3d-3299-1153-be59e43800fa","parent":{"id":"sec$Group-cb2106af-b68a-6cd9-c746-40ece54db040"},"version":1,"constraints":[],"createdBy":"admin","name":"Google","createTs":"2016-10-21 11:00:40.030","hierarchyList":[{"id":"sec$GroupHierarchy-45ab7867-88f5-b6e8-5aa2-56cbfa6af923","parent":{"id":"sec$Group-0fa2b1a5-1d68-4d69-9fbd-dff348347f93"},"level":0,"group":{"id":"sec$Group-86f1ba4e-cc3d-3299-1153-be59e43800fa"}},{"id":"sec$GroupHierarchy-30d1d708-28c7-7f1c-5787-5b36e8ec5958","parent":{"id":"sec$Group-0fa2b1a5-1d68-4d69-9fbd-dff348347f93"},"level":0,"group":{"id":"sec$Group-86f1ba4e-cc3d-3299-1153-be59e43800fa"}},{"id":"sec$GroupHierarchy-32515cbf-d74a-8ecd-9a9d-693bbd3c781f","parent":{"id":"sec$Group-0fa2b1a5-1d68-4d69-9fbd-dff348347f93"},"level":0,"group":{"id":"sec$Group-86f1ba4e-cc3d-3299-1153-be59e43800fa"}},{"id":"sec$GroupHierarchy-cea05b84-7254-72ba-011b-4f2453e8956f","parent":{"id":"sec$Group-0fa2b1a5-1d68-4d69-9fbd-dff348347f93"},"level":1,"group":{"id":"sec$Group-86f1ba4e-cc3d-3299-1153-be59e43800fa"}},{"id":"sec$GroupHierarchy-6bf7ec34-f0fb-e80a-f3b1-0671464b5850","parent":{"id":"sec$Group-cb2106af-b68a-6cd9-c746-40ece54db040"},"level":1,"group":{"id":"sec$Group-86f1ba4e-cc3d-3299-1153-be59e43800fa"}},{"id":"sec$GroupHierarchy-8dd8d633-0b03-1047-c131-4a7636a24afd","parent":{"id":"sec$Group-cb2106af-b68a-6cd9-c746-40ece54db040"},"level":1,"group":{"id":"sec$Group-86f1ba4e-cc3d-3299-1153-be59e43800fa"}},{"id":"sec$GroupHierarchy-21466fcf-b223-baa3-4692-411c41884857","parent":{"id":"sec$Group-cb2106af-b68a-6cd9-c746-40ece54db040"},"level":2,"group":{"id":"sec$Group-86f1ba4e-cc3d-3299-1153-be59e43800fa"}}],"sessionAttributes":[{"id":"sec$SessionAttribute-49497571-5b85-e6e5-72b1-12adc3c89020","version":1,"stringValue":"1","createdBy":"admin","datatype":"int","datatypeCaption":"Datatype.int","name":"tenant","createTs":"2016-10-21 11:00:40.029","updateTs":"2016-10-21 11:00:40.029","group":{"id":"sec$Group-86f1ba4e-cc3d-3299-1153-be59e43800fa"}}],"updateTs":"2016-10-21 11:00:40.030"},{"id":"sec$Group-a717d619-68b7-3fc2-49c2-3aa9f97eee3a","parent":{"id":"sec$Group-cb2106af-b68a-6cd9-c746-40ece54db040"},"version":1,"constraints":[],"createdBy":"admin","name":"Fiber","createTs":"2016-10-21 11:00:40.030","hierarchyList":[{"id":"sec$GroupHierarchy-afd887c4-a061-ed31-7dbd-e6693463cc06","parent":{"id":"sec$Group-0fa2b1a5-1d68-4d69-9fbd-dff348347f93"},"level":0,"group":{"id":"sec$Group-a717d619-68b7-3fc2-49c2-3aa9f97eee3a"}},{"id":"sec$GroupHierarchy-042e66f0-5d17-ae0a-fd62-0ff2bb2091cb","parent":{"id":"sec$Group-0fa2b1a5-1d68-4d69-9fbd-dff348347f93"},"level":0,"group":{"id":"sec$Group-a717d619-68b7-3fc2-49c2-3aa9f97eee3a"}},{"id":"sec$GroupHierarchy-fc9e88d3-12fc-b8c1-38a0-0f1a7439c73d","parent":{"id":"sec$Group-0fa2b1a5-1d68-4d69-9fbd-dff348347f93"},"level":0,"group":{"id":"sec$Group-a717d619-68b7-3fc2-49c2-3aa9f97eee3a"}},{"id":"sec$GroupHierarchy-a6eea2e0-8a5e-2bef-2b64-986ec500ced3","parent":{"id":"sec$Group-cb2106af-b68a-6cd9-c746-40ece54db040"},"level":1,"group":{"id":"sec$Group-a717d619-68b7-3fc2-49c2-3aa9f97eee3a"}},{"id":"sec$GroupHierarchy-78722a06-e1dc-0f42-762d-ece4c44d6fc0","parent":{"id":"sec$Group-cb2106af-b68a-6cd9-c746-40ece54db040"},"level":1,"group":{"id":"sec$Group-a717d619-68b7-3fc2-49c2-3aa9f97eee3a"}},{"id":"sec$GroupHierarchy-97bb3380-4bfe-0f5b-039b-43463d44e041","parent":{"id":"sec$Group-0fa2b1a5-1d68-4d69-9fbd-dff348347f93"},"level":1,"group":{"id":"sec$Group-a717d619-68b7-3fc2-49c2-3aa9f97eee3a"}},{"id":"sec$GroupHierarchy-e813eb52-1bd3-cf00-1e13-0bee2093f985","parent":{"id":"sec$Group-cb2106af-b68a-6cd9-c746-40ece54db040"},"level":2,"group":{"id":"sec$Group-a717d619-68b7-3fc2-49c2-3aa9f97eee3a"}}],"sessionAttributes":[{"id":"sec$SessionAttribute-16de3284-7486-5169-8c9d-96beee0757f2","version":1,"stringValue":"2","createdBy":"admin","datatype":"int","datatypeCaption":"Datatype.int","name":"tenant","createTs":"2016-10-21 11:00:40.031","updateTs":"2016-10-21 11:00:40.031","group":{"id":"sec$Group-a717d619-68b7-3fc2-49c2-3aa9f97eee3a"}}],"updateTs":"2016-10-21 11:00:40.030"},{"id":"sec$Group-cb2106af-b68a-6cd9-c746-40ece54db040"},{"id":"sec$Group-f1f5244b-b71b-c901-944f-7a06fc868836","parent":{"id":"sec$Group-cb2106af-b68a-6cd9-c746-40ece54db040"},"version":1,"constraints":[],"createdBy":"admin","name":"Google X","createTs":"2016-10-21 11:00:40.031","hierarchyList":[{"id":"sec$GroupHierarchy-41f8d16f-6ff8-3164-1496-fabb91f0fc81","parent":{"id":"sec$Group-0fa2b1a5-1d68-4d69-9fbd-dff348347f93"},"level":0,"group":{"id":"sec$Group-f1f5244b-b71b-c901-944f-7a06fc868836"}},{"id":"sec$GroupHierarchy-6a2dee12-e1c6-45f2-3e2b-cd59d9ec8684","parent":{"id":"sec$Group-0fa2b1a5-1d68-4d69-9fbd-dff348347f93"},"level":0,"group":{"id":"sec$Group-f1f5244b-b71b-c901-944f-7a06fc868836"}},{"id":"sec$GroupHierarchy-e820aa14-fde0-0db2-9094-dfe235b5c4b5","parent":{"id":"sec$Group-0fa2b1a5-1d68-4d69-9fbd-dff348347f93"},"level":0,"group":{"id":"sec$Group-f1f5244b-b71b-c901-944f-7a06fc868836"}},{"id":"sec$GroupHierarchy-ea5ecfcd-e6df-75af-2e2a-6c19d54d5423","parent":{"id":"sec$Group-0fa2b1a5-1d68-4d69-9fbd-dff348347f93"},"level":1,"group":{"id":"sec$Group-f1f5244b-b71b-c901-944f-7a06fc868836"}},{"id":"sec$GroupHierarchy-598ac28c-36e9-d6de-73b9-2dde696f51cc","parent":{"id":"sec$Group-cb2106af-b68a-6cd9-c746-40ece54db040"},"level":1,"group":{"id":"sec$Group-f1f5244b-b71b-c901-944f-7a06fc868836"}},{"id":"sec$GroupHierarchy-602865d8-5893-d4fe-f8bb-51873cfd2468","parent":{"id":"sec$Group-cb2106af-b68a-6cd9-c746-40ece54db040"},"level":1,"group":{"id":"sec$Group-f1f5244b-b71b-c901-944f-7a06fc868836"}},{"id":"sec$GroupHierarchy-734fc8e4-9210-c84d-f5eb-8a5082addc26","parent":{"id":"sec$Group-cb2106af-b68a-6cd9-c746-40ece54db040"},"level":2,"group":{"id":"sec$Group-f1f5244b-b71b-c901-944f-7a06fc868836"}}],"sessionAttributes":[],"updateTs":"2016-10-21 11:00:40.031"},{"id":"sec$Group-ffec297a-1623-f68b-cd26-a7ae539d318d","parent":{"id":"sec$Group-cb2106af-b68a-6cd9-c746-40ece54db040"},"version":1,"constraints":[],"createdBy":"admin","name":"Google Ventures","createTs":"2016-10-21 11:00:40.029","hierarchyList":[{"id":"sec$GroupHierarchy-40eb2658-9cc8-80c7-aa3d-71cfe4f52739","parent":{"id":"sec$Group-0fa2b1a5-1d68-4d69-9fbd-dff348347f93"},"level":0,"group":{"id":"sec$Group-ffec297a-1623-f68b-cd26-a7ae539d318d"}},{"id":"sec$GroupHierarchy-ebca0464-3ee3-ec95-a37e-e6165fe3507a","parent":{"id":"sec$Group-0fa2b1a5-1d68-4d69-9fbd-dff348347f93"},"level":0,"group":{"id":"sec$Group-ffec297a-1623-f68b-cd26-a7ae539d318d"}},{"id":"sec$GroupHierarchy-840e2bb0-9d90-a4e4-7dab-65210c977f8b","parent":{"id":"sec$Group-0fa2b1a5-1d68-4d69-9fbd-dff348347f93"},"level":0,"group":{"id":"sec$Group-ffec297a-1623-f68b-cd26-a7ae539d318d"}},{"id":"sec$GroupHierarchy-2f07a153-fd60-b872-e685-ee6fe4e2cf71","parent":{"id":"sec$Group-0fa2b1a5-1d68-4d69-9fbd-dff348347f93"},"level":1,"group":{"id":"sec$Group-ffec297a-1623-f68b-cd26-a7ae539d318d"}},{"id":"sec$GroupHierarchy-362040b5-001e-43ef-886d-b6133d4d7377","parent":{"id":"sec$Group-cb2106af-b68a-6cd9-c746-40ece54db040"},"level":1,"group":{"id":"sec$Group-ffec297a-1623-f68b-cd26-a7ae539d318d"}},{"id":"sec$GroupHierarchy-d7880112-f61b-02d7-6471-1904e00e2f14","parent":{"id":"sec$Group-cb2106af-b68a-6cd9-c746-40ece54db040"},"level":1,"group":{"id":"sec$Group-ffec297a-1623-f68b-cd26-a7ae539d318d"}},{"id":"sec$GroupHierarchy-ea45a918-9043-46b9-dacb-d86a48292ce0","parent":{"id":"sec$Group-cb2106af-b68a-6cd9-c746-40ece54db040"},"level":2,"group":{"id":"sec$Group-ffec297a-1623-f68b-cd26-a7ae539d318d"}}],"sessionAttributes":[{"id":"sec$SessionAttribute-a8788a2a-a761-ca30-015c-8131e56e58e4","version":1,"stringValue":"3","createdBy":"admin","datatype":"int","datatypeCaption":"Datatype.int","name":"tenant","createTs":"2016-10-21 11:00:40.031","updateTs":"2016-10-21 11:00:40.031","group":{"id":"sec$Group-ffec297a-1623-f68b-cd26-a7ae539d318d"}}],"updateTs":"2016-10-21 11:00:40.029"}]