[{"id":"cetrd$TaxRate-4ec2613d-e3ae-f02b-0fbf-39aed1330d50","createdBy":"admin","rate":19,"name":"normal tax rate","code": "NTR","createTs":"2016-10-20 16:28:01.348","validFrom":"2007-01-01 00:00:00.000","version":1,"updateTs":"2016-10-20 16:28:01.348"},{"id":"cetrd$TaxRate-683a596b-7d90-8902-3d2d-2cd9c643f125","createdBy":"admin","rate":16,"name":"normal tax rate","code": "NTR","validUntil":"2006-12-31 00:00:00.000","createTs":"2016-10-20 16:27:50.024","validFrom":"1950-01-01 00:00:00.000","version":1,"updateTs":"2016-10-20 16:27:50.024"}]
