[{"id":"sec$User-430f1c34-9256-7a92-bace-a5cea712e59a","lastName":"Employee","loginLowerCase":"google","language":"en","login":"google","password":"6993c5a7a67f97a2f365641e20a86d520679f95d","changePasswordAtNextLogon":false,"createTs":"2016-10-20 16:39:39.785","group":{"id":"sec$Group-86f1ba4e-cc3d-3299-1153-be59e43800fa","version":1,"createdBy":"admin","name":"Google","createTs":"2016-10-20 16:37:02.631","updateTs":"2016-10-20 16:37:02.631"},"active":true,"version":1,"firstName":"Google","createdBy":"admin","name":"Google Employee","updateTs":"2016-10-20 16:39:39.785"},{"id":"sec$User-4972ae63-175c-e0a0-3ef4-c40f05763512","lastName":"Employee","loginLowerCase":"fiber","language":"en","login":"fiber","password":"939ba5c526c5bdda2c2e7eb5935a716d8bf322c5","changePasswordAtNextLogon":false,"createTs":"2016-10-20 16:40:06.456","group":{"id":"sec$Group-a717d619-68b7-3fc2-49c2-3aa9f97eee3a","version":1,"createdBy":"admin","name":"Fiber","createTs":"2016-10-20 16:37:11.418","updateTs":"2016-10-20 16:37:11.418"},"active":true,"version":1,"firstName":"Fiber","createdBy":"admin","name":"Fiber Employee","updateTs":"2016-10-20 16:40:06.456"}]