[{"id":"cetrd$CustomerType-06fcaf40-5700-5201-9925-f8125d64ca92","createdBy":"admin","name":"Impulsive Customer","code":"IC","createTs":"2016-10-20 16:30:30.425","version":1,"updateTs":"2016-10-20 16:30:30.425"},{"id":"cetrd$CustomerType-3c2d6abc-2b34-927e-c5b6-bbe4f25767d6","createdBy":"admin","name":"Loyal customer","code":"LC","createTs":"2016-10-20 16:30:44.022","version":1,"updateTs":"2016-10-20 16:30:44.022"},{"id":"cetrd$CustomerType-8ce8c1ba-67e9-70ab-0e8d-e05a86b45a65","createdBy":"admin","name":"New customer","code":"NC","createTs":"2016-10-20 16:30:21.638","version":1,"updateTs":"2016-10-20 16:30:21.638"},{"id":"cetrd$CustomerType-8f2d9d8e-d122-6d95-3393-32aec5b76bfd","createdBy":"admin","name":"Potential customer","code":"PC","createTs":"2016-10-20 16:30:52.448","version":1,"updateTs":"2016-10-20 16:30:52.448"},{"id":"cetrd$CustomerType-e50b962c-90ff-e7b7-f876-3d45d0dfe9fb","createdBy":"admin","name":"Discount customer","code":"DC","createTs":"2016-10-20 16:30:36.313","version":1,"updateTs":"2016-10-20 16:30:36.313"}]
