[{"id":"cetrd$Customer-2bc6d9df-5af9-efe1-baa8-01b378183eb5","createdBy":"google","name":"Justin Price","createTs":"2016-10-20 16:47:18.295","version":1,"updateTs":"2016-10-20 16:47:18.295","tenant":1},{"id":"cetrd$Customer-84e7b07a-5bca-9221-3753-600ee6d1e87e","createdBy":"google","name":"Juan Perkins","createTs":"2016-10-20 16:47:13.529","version":1,"updateTs":"2016-10-20 16:47:13.529","tenant":1},{"id":"cetrd$Customer-86822afe-5d30-06c6-7724-115a33fc034e","createdBy":"fiber","name":"Cooper Holder","createTs":"2016-10-20 16:52:59.719","version":1,"updateTs":"2016-10-20 16:52:59.719","tenant":2},{"id":"cetrd$Customer-9026ea38-a734-9f80-d025-0b8f77ae7822","createdBy":"google","name":"Clifton Barnes","createTs":"2016-10-20 16:47:09.119","version":1,"updateTs":"2016-10-20 16:47:09.119","tenant":1},{"id":"cetrd$Customer-cc7f9307-dc8c-f27d-75be-87dde6ae6a2d","createdBy":"google","name":"Elmer Whitfield","createTs":"2016-10-20 16:47:05.027","version":1,"updateTs":"2016-10-20 16:47:05.027","tenant":1},{"id":"cetrd$Customer-e205f0a3-75c2-6e07-c081-82b7aedc1760","createdBy":"fiber","name":"Hector Holden","createTs":"2016-10-20 16:53:04.496","version":1,"updateTs":"2016-10-20 16:53:04.496","tenant":2}]